Feedstock,Temp (°C),Pressure (MPa),Feedstock concentration (wt%),Residence time,Catalyst,Ref
Histidine,500–650,25,1,86–119 s,/,[118]
Serine,400–650,25,1,86–222 s,/,[121]
Glycine,663,24,1–3,128 s,Na₂CO₃; K₂CO₃,[126]
Glutamic acid,663,24,1,128 s,Na₂CO₃,[126]
Leucine,663,24,1,128 s,Na₂CO₃,[126]
Valine,500–710,28,5.86,1.67 min,AC; Ni–Y/AC; Ni–Pt/AC; Ni–Pd/AC,[122]
Alanine,650,25,1–3,86–119 s,/,[119]
Glycine,380,23,3,15 min,Raney nickel; Ni/Al₂O₃; Ru/C; Ru/Al₂O₃,[218]
Glycine,500–650,25,1–5,63–188 s,AC,[120]
