Catalyst,Steam reforming,WGS,Methanation,General mechanism
Na,-,++,+++,Facilitates CO2 adsorption via formate salt formation thereby accelerating biomass decomposition and enhancing the water-gas shift reaction
K,+,++,+,The formation of formate salts alters the reaction pathway promoting the water-gas shift reaction and lowering the activation energy for reaction progress
Ca,+,-,-,facilitating the steam reforming reaction of fixed carbon and catalyzing the process through highly dispersed calcite
Ni,+++,++,-,Carbon chain dissolving into catalyst bulk and facilitating C-C bond cleavage
Ru,++,+,++,redox mechanism between RuІV/RuII couple The RuO2 first oxidizes the organic compound into CO and H2O while RuIV is reduced to RuII which can then be oxidized back to RuIV again
Fe,-,+,-,Provide lattice oxygen with high hydrogen-abstraction ability catalyze SCW to produce more active species and weaken the C-C bonds
Ce,+,++,-,CeO2 catalyst is able to oxidize organics more efficiently or rapidly than supercritical water This comes from its ability to switch between different forms of cerium ions (Ce4+ and Ce3+) which helps capture and release oxygen during reactions
Cu,++,++,-,The catalyst reduces to Cu releasing active oxygen species that decompose organic matter and enhance the WGS reaction and carbon conversion in supercritical water
Co,++,+,+,Co-based catalysts enhance C-C bond cleavage cracking and steam reforming reaction When it is combined with other metals or supports it can influence the WGS and produce methane
