"Table S1. Literature-derived dataset: Biomass composition, gasification conditions and syngas outputs"																													
																													
Reference	Biomass residue	Gasification technology	Gasifying agent	T [°C]	O2 (wt/wt)	N2 (wt/wt)	H2Og (wt/wt)	MC (wt %ar)	VM (wt %ar)	Ash (wt %ar)	FC (wt %ar)	LHVb (MJ/kg)	C (wt %ar)	H (wt %ar)	O (wt %ar)	N (wt %ar)	S (wt %ar)	Cl (wt %ar)	F (wt %ar)	CO (mol%. db)	H2 (mol%. db)	CH4 (mol%. db)	CO2 (mol%. db)	N2 (mol%. db)	O2 (mol%. db)	CnHm (mol%. db)	HHVs (d.b.) (MJ/m3 )	H2/ CO ratio	
[1]	Willow	Fluidized bed	Air	827	0.06	0.21	0	17	69.2	1.3	12.5	15.4	39.8	4.8	36.3	0.7	0	0	0	9.4	7.2	3.3	17.1	60.5	0	0	4.9	0.8	
[1]	Demolition wood	Fluidized bed	Air	847	0.06	0.23	0	10.1	67	11.8	11.1	14.9	39.8	4.3	33.5	0.4	0	0	0.1	11.4	7.1	3.3	15.8	60.4	0	1.3	4.8	0.6	
[1]	Garden wood	Fluidized bed	Air	861	0.07	0.25	0	3.5	74.9	3.1	18.5	17.6	47.8	5.5	39.7	0.2	0.1	0.1	0	11.7	6.8	3.2	15.5	60.6	0	1.6	4.9	0.6	
[1]	Chip board materials	Fluidized bed	Air	843	0.06	0.23	0	10.8	68.6	2.6	18	16.2	43.6	5.1	39	0.2	0.1	0.1	0	9.6	6.4	3.2	15.5	62.9	0	1.4	4.4	0.7	
[1]	Verge grass	Fluidized bed	Air	815	0.05	0.18	0	7.3	60.3	16.3	16	14.3	38.1	4.3	31.2	1.9	0.1	0.7	0	9.9	7.3	3.3	15.6	61	0	1.6	4.6	0.7	
[1]	Paper residue sludge	Fluidized bed	Air	829	0.05	0.19	0	10.7	38.7	42.2	8.4	6.5	20.5	2.6	23	0.6	0.3	0	0	9.2	6.1	3.2	16.1	60.5	0	1.6	4.5	0.7	
[1]	Sewage sludge	Fluidized bed	Air	827	0.07	0.25	0	10.6	49.3	32.2	7.9	12.3	29.9	4	17.3	1.5	0.1	0	0	10.5	5.9	2.9	15	64.4	0	1.7	5.1	0.6	
[1]	Railroad ties	Fluidized bed	Air	855	0.07	0.25	0	10.6	70.8	2.3	16.3	17.8	47.4	5	17.6	0	0.1	0	0	10.6	5.9	2.9	13.9	64.4	0	1.7	5	0.6	
[1]	Cacao shells	Fluidized bed	Air	822	0.06	0.24	0	13.4	58.8	9.1	18.8	15	41.1	4.5	29.1	2.6	0	0	0	8	9	2.3	6.1	61.5	1.7	4.6	1.1		
[2]	Pine bark	Fixed bed	Air	1090	0.07	0.21	0	4.6	62.7	0.8	25.8	17.9	49.6	5	33.7	0.2	0.1	0	0	8.7	3.6	2.7	16	71.7	0	0	1.6	0.4	
[2]	Sewage sludge	Fixed bed	Air	1266				4.5	53.9	35.6	6	12.8	32.1	4.4	33.7	0.2	0.1	0	0	6.7	3.6	2.7	16	71.7	0	0	1.2	0.4	
[3]	Sawdust	Fluidized bed	Steam	1000	0	0	0.24	7.8	68.2	0	23.5	17.8	46.1	5.8	39.6	0.7	0	0	0	46.5	14.9	17.8	14.6	6.2	0	18.4	0.3		
[3]	Bagasse sludge	Fluidized bed	Steam	815	0	0	0.69	1	79.2	4	14.9	16.8	47.5	5.9	41.6	0.7	0	0	0	9.8	45.9	5	29.8	9.6	0	18.1	4.7		
[4]	Sewage sludge	Fixed bed	Oxygen	1300	0.14	0.13	0	4.7	39.6	53.4	2.2	7.6	19.5	3	36.7	2.2	0.6	0.6	1.4	39.1	23.4	5.5	24.4	16.3	49.7	0	4.9	10.1	0.07
[5]	Patula pine	Fixed bed	Air	900	0.14	0.54	0	7.9	77.9	1.2	13	19	42.7	5.2	43	0.1	0	0	0	11.7	4.8	2.7	13.3	66.8	0.6	0.5	3.4	0.04	
[5]	Patula pine	Fixed bed	Air	630	0.15	0.55	0	11.1	74.5	0.3	14.1	16.9	42	5.4	41.1	0.1	0	0	0	10	19.9	2.3	13.5	71.2	1	0.2	2.4	0.02	
[6]	Condia alliodora-BC	Fixed bed	Air	769	0.17	0.64	0	7.3	11.1	9.3	72.3	21.6	73.1	0.4	8.3	1.7	0	0	0	11.5	7.3	1.7	16.5	65.3	0	3	0.6		
[6]	Eucalyptus grandis-BC	Fixed bed	Air	816	0.18	0.67	0	2.9	7	3.2	86.9	26.7	71.1	0.4	22	0	0	0	0	12.9	6	1.5	15.2	64.3	0	3	0.5		
[6]	Pinus patula-BC	Fixed bed	Air	765	0.41	0.66	0	3.7	13.7	1.5	81	26.4	78.6	0.2	15.9	0	0	0	0	12.3	6.1	1.6	15.4	64.6	0	3	0.5		
[7]	Sawdust	Fixed bed	Air	750	0.14	0.51	0	20	77	4.8	2.1	13.9	38.4	5.1	29.4	1.7	0.3	0.2	0	28.7	2.7	4.2	23.5	11.1	48.7	0	5.4	4.8	0.9
[8]	Olive pomace	Fixed bed	Air	1439	0.14	0.41	0	15	66.4	0.8	2.1	13.9	38.4	5.1	29.4	1.7	0.3	0.2	0	28.7	2.7	4.2	23.5	11.1	48.7	0	5.4	4.8	0.9
[8]	OTPR (Olive tree pruning)	Fixed bed	Air	1439	0.13	0.49	0	4.8	72.6	4.2	18.4	16.8	44.9	5.9	39.7	0.5	0.1	0	0	22.7	17.8	2.8	10.4	45.7	0	0	6.3	0.8	
[8]	Olive kernels	Fixed bed	Air	1439	0.13	0.49		8.8	69.3	2.1	19.8	16.4	45.3	5.3	38.1	0.4	0	0	0	23	17.5	2.7	10.9	45.3	0	0	6.2	0.8	
[8]	Sawdust	Fixed bed	Air	1439	0.14	0.52	0	13.7	69.5	0.1	16.8	14.9	44.9	5.2	35.9	3.2	1.3	0	0	19.5	10.3	2.6	12.2	50.2	0	0	5.3	0.8	
[8]	Sewage sludge	Fixed bed	Air	1439	0.14	0.55	0	9.7	48.2	21.2	20.7	16.9	44.9	5.2	35.9	3.2	1.3	0	0	19.5	10.3	2.6	12.2	50.2	0	0	5.3	0.8	
[8]	Refused Derived Fuel (RDF)	Fixed bed	Air	1439	0.15	0.54	0	12.5	51.3	12.1	24.2	12.9	42.2	5.6	24.9	1.1	0.7	0	0	11.8	12.2	3.3	13.9	57.7	0	0	4.3	1	
[8]	Corn straw	Fixed bed	Air	1439	0.13	0.47	0	6.2	67.7	5.6	20.6	14.1	40.7	5.6	42.2	0.9	0.1	0	0	15.9	13.3	2.6	14.7	52.8	0	0	4.7	0.8	
[9]	Fallen leaves pellets	Fixed bed	Air	990	0.04	0.15	0	5	65.6	19.6	9.8	12.8	39	5.3	31.1	0	0	0	0	10.6	9.7	2	13.8	68.7	0	0	3.7	0.9	
[9]	Fallen leaves pellets	Fixed bed	Air	975	0.04	0.16	0	5.2	66.3	19.1	9.4	12.8	38.7	5.4	33.1	0	0	0	0	10.8	9.7	2	13.8	68.7	0	0	3.7	1.1	
[10]	Corn straw pellets	Fixed bed	Air	1050	0.13	0.49	0	6.2	71.3	5.6	17	13.9	38.7	5.3	39.7	0.9	0.1	0.4	0	11.4	6.9	1.3	23.9	53.9	1.6	1	2.8	0.6	
[10]	Corn straw pellets	Fixed bed	Air	1150	0.17	0.62	0	6.2	71.3	5.6	17	13.9	38.7	5.3	39.7	0.9	0.1	0.4	0	15.2	10.6	1.6	18.4	53	1.6	1.3	3.9	0.7	
[11]	Sawdust	Fixed bed	Air	920	0.05	0.18	0	7.8	80.5	0.7	10.7	18.5	46.1	6.1	38.1	0.9	0.1	0	0	13	17	1.9	15	53	0	0	4.6	1.2	
[11]	Cotton stalk	Fixed bed	Oxygen	1180	0.26	0	0	7.8	80.5	0.9	10.7	18.5	46.1	6.1	38.1	0.9	0.1	0	0	35	36	3.3	22	2.4	0	10.3	1		
[11]	Sawdust	Fixed bed	Oxygen	1210	0.23	0	0.57	11.8	63	0.7	16.6	15.4	44.9	4.1	36.5	0.8	0.2	0	0	38	36	2.7	21	2.3	0	10.5	0.9		
[11]	Cotton stalk	Fixed bed	Oxygen	1206	0.23	0	0	11.8	63	0.7	16.6	15.4	44.9	4.1	36.5	0.8	0.2	0	0	38	36	2.7	21	2.3	0	10.5	0.9		
[12]	Hazelnut shells	Fixed bed	Air	1206	0.15	0.57	0	12.5	62.7	0.8	24.1	14	40.9	5	40.1	0.2	0.6	0	0	16.6	11.1	2.2	11.2	57.1	0.2	0.1	4.6	1	
[13]	Sludge pellets with mixed wood	Fixed bed	Air	1000	0.14	0.52	0	3.7	83.4	0.3	12.6	15.4	43.9	5.6	46.2	0.3	0.1	0	0	23.4	16.2	2.4	11.9	45	0	0	6.3	0.7	
[14]	Almond shells	Fluidized bed	Steam/O2	630	0.18	0	0.023	10	72.5	1.1	16.4	16.2	43.1	5.7	39.8	0.3	0	0	0	28	33	9	26.5	2	0.05	11.3	1.2		
[14]	Almond shells	Fluidized bed	Enriched O2	870	0.24	0.26	0	10	72.5	1.1	16.4	16.2	43.1	5.7	39.8	0.3	0	0	0	20	11	6	19	42.5	0.5	1	6.3	0.6	
[15]	Corncobs	Fixed bed	Air	834	0.41	0.41	0	23.6	62.8	2.1	11.6	12.4	35.9	3.5	34.6	0.6	0	0	0	16.7	17	3.1	6.2	56.3	0.7	0	5.5	1	
[16]	OTPR (Olive tree pruning)	Fixed bed	Air	950	0.41	0.41	0	4.8	78.3	0.6	8.5	16.6	45	6.1	42.8	1.2	0	0	0	6.4	11.7	5.8	27.6	46.9	0	1.6	8.8	1.8	
[16]	Olive kernels	Fixed bed	Air	950	0.41	0.41	0	4.8	78.3	0.6	8.5	16.6	45	6.1	42.8	1.2	0	0	0	6.4	11.7	5.8	27.6	46.9	0	1.6	10.1	1.8	
[17]	Bagasse	Fixed bed	Air	1200	0.13	0.5	0	9.7	75.6	3.5	16.4	17	46.4	6.1	44.2	0.3	0	0	0	23.8	7.8	9.9	19.5	64.4	0	0	5.8	0.3	
[17]	Palm empty fruit bunch (EFB)	Fixed bed	Air	800	0.15	0.56	0	11	65.5	7	16.4	16.1	44.5	5.4	34	0.7	0.1	0	0	17	13.5	1.9	14.5	53.3	0	0	4.7	0.8	
[18]	Wood pellets	Fluidized bed	Air	1100	0.14	0.53	0	7.5	68.7	0.3	23.5	17.6	46.6	5.7	40.1	0.1	0	0	0	25.7	11.9	2.6	9.9	50.4	0	0	5.7	0.05	
[18]	Rice husk	Fluidized bed	Air	927	0.17	0.62	0	13.4	57.5	17.3	11.8	12.3	32.6	4.7	31.7	0.3	0	0	0	15	3.8	2.4	16.2	61.3	0.1	1.3	3.8	0.3	
[18]	Rice husk	Fluidized bed	Air-steam	927	0.16	0.59	0	13.4	57.5	17.3	11.8	12.3	32.6	4.7	31.7	0.3	0	0	0	15	3.8	2.4	16.2	61.3	0.1	1.3	3.8	0.3	
[18]	Rice husk	Fluidized bed	Air-steam	927	0.15	0.57	0	13.4	57.5	17.3	11.8	12.3	32.6	4.7	31.7	0.3	0	0	0	12.8	3.4	2	17.1	63.6	0.1	1.1	3.3	0.3	
[19]	Sawdust	Fluidized bed	Air-steam mixture	800	0.1	0.36	0.23	8	74.5	0.5	17	16.7	47.2	5.1	38.9	0.2	0.2	0	0	26.1	38.1	7.5	26.2	2.1	0	11.1	1.5		
[19]	Sawdust	Fluidized bed	Air-steam mixture	800	0.1	0.37	0.24	8	74.5	0.5	17	16.7	47.2	5.1	38.9	0.2	0.2	0	0	24.1	38.1	7.5	26.2	2.1	0	10.8	1.5		
[19]	Sawdust	Fixed bed	Air-steam mixture	800	0.1	0.37	0.24	8	74.5	0.5	17	16.7	47.2	5.1	38.9	0.2	0.2	0	0	12.3	50.2	4.3	32.6	0.6	0	9.7	4.1		
[20]	Coffee grounds	Fluidized bed	Steam	820	0	0	0.52	10.5	71.8	1	16.7	18.2	47.4	5.8	32.8	2.5	0	0	0	28.2	31.2	13.6	17.3	9.6	0	15.2	1.1		
[21]	Coffee husk	Fluidized bed	Air	790	0.15	0.56	0	25.3	62.2	1.9	10.7	9.9	29.2	4.1	35.8	3.8	0	0	0	11.3	8	2.5	19.4	58.6	0	0	3.1	0.7	
[21]	Coffee husk	Fluidized bed	Air	815	0.16	0.61	0	25.3	62.2	1.9	10.7	9.9	29.2	4.1	35.8	3.8	0	0	0	11.3	8	2.5	17.1	58.6	0	0	3.1	1.1	
[22]	Oil palm fronds (OPF)	Fixed bed	Air	1100	0.41	0.41	0	22	66.4	2.7	9	12.3	33.1	4.5	37.6	2.8	0	0	0	25.3	9.6	1.2	8.2	55.7	0	0	4.9	0.4	
[23]	Banana empty fruit bunches (BEFB)	Fixed bed	Air	800	0.11	0.42	0	15.9	59.3	5.2	19.6	9.9	29.8	4.5	43	1.6	0	0	0	21.5	13.5	2.6	21.4	39.1	0	1.2	6.2	0.6	
[24]	Palm empty fruit bunch	Fluidized bed	Air	1050	0.17	0.65	0	7.8	79.3	4.5	8.4	15	40.1	5.3	45.1	1.1	0	0	0	16.6	5.6	4.3	19.2	54.3	0	6	0.3		
[24]	Palm kernel shell	Fluidized bed	Air	1050	0.17	0.65	0	7.8	79.3	4.5	8.4	15	40.1	5.3	45.1	1.1	0	0	0	16.6	5.6	4.3	19.2	54.3	0	6	0.3		
[25]	Palm shell fruit	Fluidized bed	Steam	750	0	0	0.67	9.6	73.1	3.9	13.3	15.9	45	5.1	39.3	0.9	0.2	0	0	14.3	67.4	10.7	7.6	42.7	0	14.7	4.7		
[25]	Palm empty fruit bunch (EFB)	Fluidized bed	Air	750	0.13	0.47	0	9.6	73.1	3.9	13.3	15.9	45	5.1	39.3	0.9	0.2	0	0	14.3	67.4	10.7	7.6	42.7	0	14.7	4.7		
[26]	Palm empty fruit bunch (EFB)	Fluidized bed	Air	1000	0.13	0.47	0	5.2	82.6	3.5	8.8	17	44.2	6.1	43.3	1.1	0	0	0	21	21.9	8.5	5.9	42.7	0	16.2	1		
[27]	Hazelnut shells	Fixed bed	Steam	845	0	0	0.26	0.47	7.9	64.7	1.3	26.1	17.4	47.5	3.7	37	1.5	0	0	0	29.9	31.8	15.5	18.1	30.6	0	0	14.4	1.1
[28]	Citrus peel	Fluidized bed	Air-steam mixture	750	0.09	0.32	0.32	8	66.1	7.8	18	15.3	39.6	3.8	37.5	1.2	0	0	0	9.8	27.3	2.4	21	39.5	0	0	5.7	2.8	
[29]	Olive pomace	Fixed bed	Air	800	0.14	0.51	0	4.5	58.4	8.4	28.7	15.9	51.3	6.8	27.3	2	0.1	0	0	17.9	13	1.5	21.9	52.6	0	0	1.8	5.8	0.9
[30]	Pine wood	Fixed bed	Steam/O2	876	0.12	0.46	0.46	0.33	8	75.7	0.5	15.8	18.1	46.5	3.7	38.1	0.5	0	0	0	39.2	18	2	21.5	27.1	0.43	0.5	5.5	1.3
[31]	Citrus peel	Fluidized bed	Steam	750	0.03	0.11	0.6	20	57.5	6.9	15.5	13.4	34	3.4	32.6	1	0	0	0	26.1	25.3	5.8	14.5	29.4	0	1	11.2	2.3	
[32]	Rice husk	Fluidized bed	Air	850	0.07	0.26	0	8.2	62.2	18.5	11.1	14.8	36.1	4.6	33.2	0.8	0	0	0	18.6	17.2	2.7	25.6	34.2	0	0	7.6	0.9	
[32]	Rice husk	Fluidized bed	Air	850	0.07	0.26	0	8.2	62.2	18.5	11.1	14.8	36.1	4.6	33.2	0.8	0	0	0	18.6	17.2	2.7	25.6	34.2	0	0	7.6	0.9	
[33]	Palm kernel shell	Fixed bed	Steam	950	0	0	0.26	0.46	8.2	74.2	1.85	13.13	15.4	38.3	5.6	38.2	0.8	0.2	0	0	28.2	23.1	5	13.8	29.4	0	0	18.1	1.4
[34]	Palm empty fruit bunch (EFB)	Fixed bed	Steam	800	0	0	0.57	6.7	80.1	3.1	10.2	13.5	38.2	5.8	46.5	0.7	0.05	0	0	28	57.4	10.1	14.5	0	0	2.4	12.6	2	
[35]	Palm fibre	Fixed bed	Steam	800	0	0	0.57	6.8	76	5.3	12.4	18.3	47	5.3	38.4	0.6	0.06	0	0	12.7	40.6	4.8	26.6	0	0	2.2	11.3	9.2	
[36]	Palm empty fruit bunch (EFB)	Fluidized bed	Air	700	0.07	0.26	0	3.1	81.9	7.1	5.7	18.5	60.8	3.2	32.2	1.1	0	0	0	11	5.2	3	31.5	49.3	0	0	7.7	0.5	
[36]	Palm empty fruit bunch (EFB)	Fluidized bed	Steam	700	0	0	0	3.1	81.9	7.1	5.7	18.5	60.8	3.2	32.2	1.1	0	0	0	11	5.2	3	31.5	49.3	0	0	7.7	0.5	
[37]	Sawdust	Fixed bed	Steam	1000	0.07	0	0.26	8.3	83.9	7.1	5.7	18.5	60.8	5	68.3	2.2	1.1	0	0	18.4	19.3	7.5	55.5	0	0	11.9	18.1	0.6	
[37]	Sawdust	Fixed bed	Steam	702	0	0	0.15	8.5	75.2	1.2	15.1	14.8	40.7	5.9	44.1	0.7	0.1	0	0	18.4	29.1	12.9	33.6	0	0	8.9	15.6	1.4	
[37]	Sawdust	Fixed bed	Steam	846	0	0	0.15	8.5	75.2	1.2	15.1	14.8	40.7	5.9	44.1	0.7	0.1	0	0	26.3	35.1	8.4	22.6	0	0	7.3	15.3	1.3	
[38]	Corn straw	Fixed bed	Steam	846	0	0	0.15	8.5	78.2	1.2	15.1	14.3	40.7	5.9	44.1	0.7	0.1	0	0	32.4	47.2	6.6	5.9	0	0	1.5	12.1	1.7	
[39]	Palm empty fruit bunch (EFB)	Fluidized bed	Steam	700	0.11	0.41	0.67	7.8	79.3	4	8.6	10.8	36	3.6	46.6	1.6	0	0	0	8.1	16.1	7.5	2.2	54.3	0	0	55.5	9.3	
[40]	Palm empty fruit bunch (EFB)	Fluidized bed	Air	770	0.11	0.41	0	7.8	79.3	4	8.6	10.8	36	3.6	46.6	1.6	0	0	0	8.1	16.1	7.5	2.2	54.3	0	0	55.5	9.3	
[41]	Cotton kernels	Fixed bed	Air	750	0.14	0.16	0	16.3	85.8	1.9	10	16.5	45	5.1	34.2	0.9	0.2	0	0	36.7	14.3	2.4	18	39.4	0	0	1.8	7.3	1.7
[42]	Cotton stalk	Fixed bed	Oxygen	750	0.2	0	0	16.8	67.6	3.6	12	13.5	37.3	4.8	42.9	0.2	0	0	0	36.9	11.8	4	40.1	0	0	1.8	10.4	0.3	
[42]	Cotton stalk	Fixed bed	Oxygen	750	0.24	0	0	16.8	67.6	3.6	12	13.5	37.3	4.8	36.4	0.9	0.5	0	0	38.4	9.6	8.6	42.8	0	0	0.6	9.5	0.3	
[42]	Cotton stalk	Fixed bed	Oxygen	800	0.2	0	0	16.8	67.6	3.6	12	13.5	37.3	4.8	36.4	0.9	0.5	0	0	43.3	46.2	25	4.1	15.3	0	0.1	11.9	1.3	
[42]	Cotton stalk	Fixed bed	Oxygen	800	0.2	0	0	16.8	67.6	3.6	12	13.5	37.3	4.8	36.4	0.9	0.5	0	0	36.8	39.4	4.1	17.5	0	0.1	0.1	11.3	1.1	
[42]	Cotton stalk	Fixed bed	Oxygen	800	0.2	0	0	16.8	67.6	3.6	12	13.5	37.3	4.8	36.4	0.9	0.5	0	0	45	22.2	5.7	27	0	0.1	3.2	10.8	0.5	
[43]	Sawdust	Fixed bed	Steam	600	0	0	0.59	9.7	64.2	9.3	16.9	16.7	42.5	5.9	31.4	1.1	0.2	0	0	37	25.2	15.4	19.2	0	0	3.2	12.8	0.8	
[43]	Sawdust	Fixed bed	Steam	700	0	0	0.59	9.7	64.2	9.3	16.9	16.7	42.5	5.9	31.4	1.1	0.2	0	0	25	42.6	8.2	23.1	0	0	1.1	11.9	1.7	
[43]	Sawdust	Fixed bed	Steam	800	0	0	0.59	9.7	64.2	9.3	16.9	16.7	42.5	5.9	31.4	1.1	0.2	0	0	18.8	49.5	4.8	26.1	0	0	0.9	10.6	2.6	
[43]	Sawdust	Fixed bed	Steam	900	0	0	0.59	9.7	64.2	9.3	16.9	16.7	42.5	5.9	31.4	1.1	0.2	0	0	17.2	52.7	2.7	23.9	0	0	1.1	9.1	3.1	
[43]	Sawdust	Fixed bed	Steam	900	0	0	0.74	9.7	64.2	9.3	16.9	16.7	42.5	5.9	31.4	1.1	0.2	0	0	35.6	29.8	16	0	0	0	2.8	12.8	0.7	
[43]	White pine	Fluidized bed	Air-steam mixture	750	0.11	0.39	0.25	7.6	74.2	0.9	17.4	19.3	48.7	5.5	36.5	0.5	0.2	0	0	3.7	14.3	1.9	20	59.2	0	0	3	3.9	
[43]	Citrus peel	Fluidized bed	Air-steam mixture	750	0.09	0.34	0.28	7	64.6	9	20	17.8	39.2	5.8	37.7	1.2	0.1	0	0	8.7	24.8	2.4	20.6	42	0	0	5.2	2.9	
[43]	White pine	Fluidized bed	Air-steam mixture	750	0.12	0.45	0.14	7.6	64.6	0.9	17.4	19.3	48.7	5.5	36.5	0.5	0.2	0	0	6.5	12.2	1.9	17.4	64	0	0	5.3	1.9	
[43]	Citrus peel	Fluidized bed	Air-steam mixture	750	0.11	0.39	0.14	7	64.6	0.9	17.4	19.3	39.2	5.5	37.7	1.2	0.1	0	0	11	4	1.9	17.4	64	0	0	5.3	1.8	
[44]	Citrus peel	Fixed bed	Steam	850	0	0	0.01	12.5	63.5	5	18.9	13.1	36.5	5.3	40	0.6	0	0	0	9.8	58.5	0.7	31	0	0	0	9	6	
[44]	Sawdust	Fluidized bed	Steam	850	0	0	0.01	13.7	68.9	1	16.5	16.5	42.7	5.7	39	0	0.3	0	0	11.9	57.7	1.4	29	0	0	0	9.4	4.8	
[45]	Sawdust	Fluidized bed	Steam	800	0	0	0.55	9	77.8	0.6	12.6	16.9	43.2	6.3	40.5	0.1	0.3	0	0	22	35	13.2	25.2	0	0	4.8	12.5	1.6	
[45]	Sawdust	Fluidized bed	Steam	800	0	0	0.55	9	77.8	0.6	12.6	16.9	43.2	6.3	40.5	0.1	0.3	0	0	26.8	41.3	10.3	18.6	0	0	3	12.8	1.5	
[45]	Sawdust	Fluidized bed	Steam	600	0	0	0.57	9	77.8	0.6	12.6	16.9	43.2	6.3	40.5	0.1	0.3	0	0	12.5	40.4	10.3	34	0	0	2.8	10.8	3.2	
[45]	Sawdust	Fluidized bed	Steam	850	0	0	0.55	9	77.8	0.6	12.6	17.8	43.2	6.3	40.5	0.1	0.3	0	0	36.1	32.9	11.8	14.5	0	0	4.7	13.5	0.9	
[46]	Wood pellets	Fluidized bed	Steam	820	0	0	0.52	9	77.2	0.3	17.7	17.5	47.2	6.3	40.7	0.1	0.3	0	0	36.6	23.7	15.8	12.4	0	0	11.6	13.9	1.6	
[46]	Wood pellets	Fluidized bed	Steam	850	0	0	0.56	6.1	77.2	0.3	17.7	17.5	47.2	5.7	40.7	0.1	0.3	0	0	36	41	15.8	12.4	0	0	3.3	12.9	1.6	
[20]	Coffee grounds	Fluidized bed	Steam	820	0	0	0.52	10.5	71.8	1	16.7	18.2	47.4	5.8	32.8	2.5	0	0	0	28.2	31.2	13.6	17.3	0	0	9.6	15.2	1.1	
[20]	Coffee grounds	Fluidized bed	Steam	817	0	0	0.48	10.5	71.8	1	16.7	18.2	47.4	5.8	32.8	2.5	0	0	0	36.6	23.7	15.8	12.4	0	0	11.5	15.7	0.6	
[20]	Coffee grounds	Fluidized bed	Steam	822	0	0	0.57	10.5	71.8	1	16.7	18.2	47.4	5.8	32.8	2.5	0	0	0	33.7	25.4	17.8	14.2	0	0	10.2	16.4	0.8	
[20]	Coffee grounds	Fluidized bed	Steam	830	0	0	0.48	10.5	71.8	1	16.7	18.2	47.4	5.8	32.8	2.5	0	0	0	37.4	22.1	17.8	12.3	0	0	10.5	16.3	0.8	
[47]	Sawdust	Fluidized bed	Steam	950	0	0	0.47	10	77.3	3.1	9.6	17.7	45	3.1	38	0.7	0	0	0	3	52	5	40	0	0	0	9	17.3	
[47]	Sawdust	Fluidized bed	Steam	950	0	0	0.47	10	77.3	3.1	9.6	17.7	45	3.1	38	0.7	0	0	0	13	57	13	17	0	0	0	14.1	4.4	
[48]	Corn stalk	Fluidized bed	Steam	950	0	0	0.47	10	77.3	3.1	9.6	17.7	45	5.3	38	0.7	0	0	0	7	69	5	19	0	0	2	11.7	9.9	
[48]	Rice straw	Fluidized bed	Steam	650	0	0	0.5	4.5	66.7	19.5	9.4	12.4	36.8	5	32.8	1.4	0.1	0	0	16.6	60.3	12.6	8.8	0	0	1.8	14.8	3.6	
[48]	Wheat straw	Fluidized bed	Steam	650	0	0	0.5	4.5	72.3	12.7	10.5	13.9	40.5	5.4	36.1	0.7	0.1	0	0	16.3	58.7	13.3	9.6	0	0	2.1	14.8	3.6	
[48]	Peanut shell	Fluidized bed	Steam	650	0	0	0.5	3.7	75	6.4	14.9	16.4	47.5	5.7	34.9	1.6	0.1	0	0	15.5	60.8	10.6	11.2	0	0	1.9	13.9	3.9	
[49]	Rice husk	Fixed bed	Steam	500	0	0	0.47	2.3	68.3	10.6	18.9	16.6	45.4	5.2	36	0.3	0.2	0	0	4.3	85.8	4.5	3.6	0	0	1.8	13.3	20.1	
[50]	Sugarcane leaves	Fixed bed	Steam	600	0	0	0.47	10	69.5	7.6	12.9	18.8	42.7	7.7	31.3	0.7	0	0	0	31	11	16	42	0	0	0	11.1	0.4	

"Table S2. Features studied and their corresponding variance
"
Feature,Variance
T,33289.2
N2,737.8
H2,395.6
VM,166.3
CO,101.4
FC,95.5
MC,79.1
Ash,68.2
C,65.0
CO2,63.0
O,46.8
CH4,22.1
HHVs,17.7
LHVb,9.0
H2/CO ratio,8.7
CnHm,6.8
H,1.5
N,0.6
Molar H/O ratio,0.3
Molar H/C ratio,0.09
O2,0.07
S,0.05
Cl,0.02
Molar O/C ratio,0.02
Molar N/C ratio,0.0004
F,0.000009

Table S3. Descriptive statistics of categorical features																													
																													
	Biomass type category	Biomass residue	Biomass type sub-category	Gasification technology	Gasifying agent																								
Count	106	106	106	106	106																								
Unique types	5	41	17	2	6																								
Most common type	Agricultural residues	Sawdust	Pine wood residues	Fixed bed	Air																								
Frequency for the most common	41	24	32	61	48																								
																													
"Table S4. Nested cross-validation results on the outer test folds: predictive performance of multi-output regression for syngas composition (H₂, CO, CH₄)."																													
																													
Fold	H₂ RMSE	H₂ R²	H₂ MAE	H₂ MAX	CO RMSE	CO R²	CO MAE	CO MAX	CH₄ RMSE	CH₄ R²	CH₄ MAE	CH₄ MAX																	
0	6.02	0.91	4.13	18.78	4.13	0.73	3.04	12.4	1.84	0.8	1.35	5.87																	
1	10.51	0.69	4.59	68.68	5.46	0.59	3.29	26.53	3.37	0.53	1.74	17.77																	
2	10.06	0.68	4.04	68.7	4.47	0.67	2.18	26.73	2.35	0.72	1.25	13.24																	
3	6.4	0.88	4.34	24.91	4.63	0.72	3.08	18.72	2.53	0.65	1.68	9.79																	
4	5.62	0.92	3.69	19.98	5.1	0.67	2.86	19.59	1.61	0.79	1.06	6.66																	
																													
"Table S5. Nested cross-validation results on the outer training folds: fitted performance of multi-output regression for syngas composition (H₂, CO, CH₄)."																													
																													
Fold	H₂ RMSE	H₂ R²	H₂ MAE	H₂ MAX	CO RMSE	CO R²	CO MAE	CO MAX	CH₄ RMSE	CH₄ R²	CH₄ MAE	CH₄ MAX																	
0	4.01	0.95	1.42	34.41	1.87	0.95	0.91	13.35	1.38	0.9	0.65	13.67																	
1	1.93	0.99	0.86	13.77	1.05	0.98	0.55	6.31	0.54	0.98	0.34	3.12																	
2	1.91	0.99	0.81	16.39	1.17	0.98	0.56	7.81	1.09	0.93	0.43	12.52																	
3	3.93	0.96	1.39	34.41	1.8	0.95	0.89	13.36	1.3	0.91	0.59	12.52																	
4	3.91	0.96	1.37	34.41	1.78	0.95	0.86	13.36	1.35	0.91	0.63	12.93																	
																													
"Table S6. Comparison of average performance metrics (mean ± standard deviation) for H₂, CO, and CH₄ prediction in training and test datasets"																													
																													
Component	Dataset	R² (-)	RMSE (%vol)	MAE (%vol)																									
H₂	Train	0.97 ± 0.02	3.1 ± 1.0	1.2 ± 0.3																									
H₂	Test	0.81 ± 0.10	7.7 ± 2.0	4.2 ± 0.3																									
CO	Train	0.97 ± 0.02	1.5 ± 0.4	0.8 ± 0.2																									
CO	Test	0.68 ± 0.05	4.8 ± 0.5	2.9 ± 0.4																									
CH₄	Train	0.93 ± 0.03	1.1 ± 0.4	0.5 ± 0.1																									
CH₄	Test	0.70 ± 0.10	2.3 ± 0.7	1.4 ± 0.3																									
																													
Table S7. Prediction performance metrics across different gasifying agents																													
																													
Gasifying agent	Target	RMSE mean	RMSE std	MAE mean	MAE std	MAX mean	MAX std																						
Air	CH₄	1.57	0.72	1.14	0.56	4.03	2.11																						
Air	CO	4.93	1.35	4.04	1.1	9.51	4																						
Air	H₂	6.57	1.72	5.16	1.65	13.46	3.51																						
Air-steam mixture	CH₄	1.42	0.39	1.03	0.23	3.56	1.36																						
Air-steam mixture	CO	2.59	1.52	1.57	0.61	7.21	4.28																						
Air-steam mixture	H₂	3.13	1.45	2.27	0.88	7.45	3.51																						
O₂ enriched air	CH₄	0.56	0.5	0.48	0.39	0.79	0.83																						
O₂ enriched air	CO	6.55	3.05	5.9	2.56	8.36	4.97																						
O₂ enriched air	H₂	4.39	1.93	4.1	1.66	5.29	2.84																						
Oxygen	CH₄	3.5	0.94	3.16	0.79	4.5	1.33																						
Oxygen	CO	6.85	4.27	6.1	3.59	9.06	6.96																						
Oxygen	H₂	10.69	5.93	10.49	5.89	12.2	6.8																						
Steam	CH₄	1.94	0.51	1.28	0.34	6.5	2.01																						
Steam	CO	3.3	0.86	2.14	0.57	11.4	4.57																						
Steam	H₂	5.09	1.19	3.16	0.72	17.85	4.88																						
Steam/O₂	CH₄	4.43	0.8	4.43	0.8	4.43	7.61																						
Steam/O₂	CO	9.2	7.61	9.2	7.61	9.2	7.61																						
Steam/O₂	H₂	3.01	2.58	3.01	2.58	3.01	2.58																						
